   id, time,  addr, rssi,  ave, lane
    0, 4770, xx:xx, -120,  -85,    0
    1, 3060, xx:xx, -120, -120,    0
    2, 2912, 65:02,  -72,  -96,    0
    3,  487, 65:02,  -72,  -72,    0
    4,  496, 65:02,  -69,  -70,    0
    5,  490, 65:02,  -69,  -69,    0
    6,  446, 65:02,  -69,  -69,    0
    7,  493, 65:02,  -71,  -70,    0
    8,  959, 65:02,  -71,  -71,    0
    9,  476, 65:02,  -65,  -68,    0
   10,  482, 65:02,  -71,  -68,    0
   11,  477, 65:02,  -64,  -67,    0
   12,  490, 65:02,  -72,  -68,    0
   13,  491, 65:02,  -78,  -75,    0
   14,  452, 65:02,  -71,  -74,    0
   15,  494, 65:02,  -65,  -68,    0
   16,  468, 65:02,  -67,  -66,    0
   17,  483, 65:02,  -74,  -70,    0
   18,  487, 65:02,  -60,  -67,    0
   19,  468, 65:02,  -57,  -58,    0
   20,  485, 65:02,  -41,  -49,    0
   21,  969, 65:02,  -40,  -40,    0
   22,  474, 65:02,  -48,  -44,    0
   23,  488, 65:02,  -48,  -48,    0
   24,  471, 65:02,  -52,  -50,    0
   25,  480, 65:02,  -50,  -51,    0
   26,  482, 65:02,  -50,  -50,    0
   27,  472, 65:02,  -47,  -48,    0
   28,  483, 65:02,  -51,  -49,    0
   29,  479, 65:02,  -47,  -49,    0
   30,  482, 65:02,  -59,  -53,    0
   31,  482, 65:02,  -53,  -56,    0
   32,  485, 65:02,  -63,  -58,    0
   33,  487, 65:02,  -60,  -61,    0
   34,  467, 65:02,  -63,  -61,    0
   35,  484, 65:02,  -64,  -63,    0
   36,  475, 65:02,  -60,  -62,    0
   37,  476, 65:02,  -63,  -61,    0
   38,  487, 65:02,  -59,  -61,    0
   39,  477, 65:02,  -61,  -60,    0
   40,  493, 65:02,  -57,  -59,    0
   41,  471, 65:02,  -55,  -56,    0
   42,  954, 65:02,  -53,  -54,    0
   43,  484, 65:02,  -66,  -59,    0
   44,  475, 65:02,  -61,  -63,    0
   45,  477, 65:02,  -68,  -64,    0
   46,  484, 65:02,  -70,  -69,    0
   47,  505, 65:02,  -63,  -66,    0
   48,  461, 65:02,  -68,  -65,    0
   49,  474, 65:02,  -69,  -68,    0
   50,  491, 65:02,  -76,  -72,    0
   51,  472, 65:02,  -63,  -69,    0
   52,  476, 65:02,  -64,  -63,    0
   53,  478, 65:02,  -64,  -64,    0
   54,  483, 65:02,  -62,  -63,    0
   55,  484, 65:02,  -62,  -62,    0
   56,  472, 65:02,  -61,  -61,    0
   57,  484, 65:02,  -66,  -63,    0
   58,  485, 65:02,  -61,  -63,    0
   59,  480, 65:02,  -61,  -61,    0
   60,  483, 65:02,  -62,  -61,    0
   61,  468, 65:02,  -61,  -61,    0
   62,  480, 65:02,  -62,  -61,    0
   63,  482, 65:02,  -61,  -61,    0
   64,  485, 65:02,  -61,  -61,    0
   65,  958, 65:02,  -70,  -65,    0
   66,  481, 65:02,  -68,  -69,    0
   67,  475, 65:02,  -64,  -66,    0
   68,  507, 65:02,  -61,  -62,    0
   69,  455, 65:02,  -70,  -65,    0
   70,  493, 65:02,  -61,  -65,    0
   71,  494, 65:02,  -70,  -65,    0
   72,  457, 65:02,  -60,  -65,    0
   73,  475, 65:02,  -62,  -61,    0
   74,  967, 65:02,  -67,  -64,    0
   75,  474, 65:02,  -60,  -63,    0
   76,  484, 65:02,  -61,  -60,    0
   77,  960, 65:02,  -65,  -63,    0
   78,  988, 65:02,  -61,  -63,    0
   79,  451, 65:02,  -67,  -64,    0
   80,  493, 65:02,  -67,  -67,    0
   81,  468, 65:02,  -73,  -70,    0
   82,  480, 65:02,  -69,  -71,    0
   83,  479, 65:02,  -68,  -68,    0
   84,  479, 65:02,  -58,  -63,    0
   85,  477, 65:02,  -54,  -56,    0
   86,  486, 65:02,  -59,  -56,    0
   87, 3105, xx:xx, -120,  -89,    0
   88, 3105, xx:xx, -120, -120,    0
   89, 3104, xx:xx, -120, -120,    0
   90, 3107, xx:xx, -120, -120,    0
   91, 3104, xx:xx, -120, -120,    0
   92, 3107, xx:xx, -120, -120,    0
   93, 3106, xx:xx, -120, -120,    0
   94, 3110, xx:xx, -120, -120,    0
   95, 3179, xx:xx, -120, -120,    0
   96, 3131, xx:xx, -120, -120,    0
   97, 3103, xx:xx, -120, -120,    0
   98, 3106, xx:xx, -120, -120,    0
   99, 3107, xx:xx, -120, -120,    0
  100, 3109, xx:xx, -120, -120,    0
  101, 3107, xx:xx, -120, -120,    0
  102, 3110, xx:xx, -120, -120,    0
  103, 3105, xx:xx, -120, -120,    0
  104, 3106, xx:xx, -120, -120,    0
  105, 3110, xx:xx, -120, -120,    0
  106, 3115, xx:xx, -120, -120,    0
  107, 3110, xx:xx, -120, -120,    0
  108, 3131, xx:xx, -120, -120,    0
  109,  610, 65:02,  -62,  -91,    0
  110,  488, 65:02,  -62,  -62,    0
  111,  479, 65:02,  -62,  -62,    0
  112,  480, 65:02,  -63,  -62,    0
  113,  480, 65:02,  -62,  -62,    0
  114,  473, 65:02,  -63,  -62,    0
  115,  482, 65:02,  -62,  -62,    0
  116,  483, 65:02,  -63,  -62,    0
  117,  478, 65:02,  -63,  -63,    1
  118,  501, 65:02,  -61,  -62,    1
  119,  458, 65:02,  -59,  -60,    1
  120,  489, 65:02,  -61,  -60,    1
  121,  471, 65:02,  -59,  -60,    1
  122,  479, 65:02,  -63,  -61,    1
  123,  485, 65:02,  -62,  -62,    1
  124,  475, 65:02,  -58,  -60,    1
  125,  482, 65:02,  -60,  -59,    1
  126,  475, 65:02,  -63,  -61,    1
  127,  485, 65:02,  -62,  -62,    1
  128,  973, 65:02,  -62,  -62,    1
  129,  470, 65:02,  -58,  -60,    1
  130,  958, 65:02,  -60,  -59,    1
  131,  481, 65:02,  -63,  -61,    1
  132,  480, 65:02,  -63,  -63,    1
  133,  482, 65:02,  -62,  -62,    1
  134,  956, 65:02,  -63,  -62,    1
  135,  476, 65:02,  -58,  -60,    1
  136,  483, 65:02,  -61,  -59,    1
  137,  485, 65:02,  -62,  -61,    1
  138,  474, 65:02,  -59,  -60,    1
  139,  489, 65:02,  -66,  -62,    1
  140,  488, 65:02,  -63,  -64,    1
  141,  474, 65:02,  -58,  -60,    1
  142,  485, 65:02,  -64,  -61,    1
  143,  466, 65:02,  -67,  -65,    1
  144,  955, 65:02,  -68,  -67,    1
  145,  487, 65:02,  -64,  -66,    1
  146,  480, 65:02,  -71,  -67,    1
  147,  474, 65:02,  -68,  -69,    1
  148,  485, 65:02,  -64,  -66,    1
  149,  482, 65:02,  -68,  -66,    1
  150,  476, 65:02,  -73,  -70,    1
  151,  502, 65:02,  -71,  -72,    1
  152,  457, 65:02,  -78,  -74,    1
  153,  483, 65:02,  -72,  -75,    1
  154,  478, 65:02,  -76,  -74,    1
  155,  476, 65:02,  -72,  -74,    1
  156,  478, 65:02,  -74,  -73,    1
  157,  485, 65:02,  -72,  -73,    1
  158,  483, 65:02,  -73,  -72,    1
  159,  483, 65:02,  -72,  -72,    1
  160,  469, 65:02,  -68,  -70,    1
  161,  963, 65:02,  -75,  -71,    1
  162,  478, 65:02,  -85,  -80,    1
  163,  484, 65:02,  -79,  -82,    1
  164, 1440, 65:02,  -89,  -84,    1
  165,  479, 65:02,  -82,  -85,    1
  166,  963, 65:02,  -91,  -86,    1
  167,  474, 65:02,  -83,  -87,    1
  168, 1448, 65:02,  -86,  -84,    1
  169,  482, 65:02,  -95,  -90,    1
  170,  482, 65:02,  -77,  -86,    1
  171,  478, 65:02,  -73,  -75,    1
  172,  471, 65:02,  -72,  -72,    1
  173,  480, 65:02,  -70,  -71,    1
  174,  486, 65:02,  -78,  -74,    1
  175,  488, 65:02,  -78,  -78,    1
  176,  495, 65:02,  -79,  -78,    1
  177,  480, 65:02,  -76,  -77,    1
  178,  458, 65:02,  -87,  -81,    1
  179,  964, 65:02,  -82,  -84,    1
  180,  468, 65:02,  -90,  -86,    1
  181,  487, 65:02,  -87,  -88,    1
  182,  518, 65:02,  -87,  -87,    1
  183,  452, 65:02,  -82,  -84,    1
  184,  471, 65:02,  -82,  -82,    1
  185,  521, 65:02,  -81,  -81,    1
  186,  952, 65:02,  -93,  -87,    1
  187,  450, 65:02,  -96,  -94,    1
  188,  473, 65:02,  -91,  -93,    1
  189,  963, 65:02, -100,  -95,    1
  190, 1435, 65:02,  -99,  -99,    1
  191,  483, 65:02,  -91,  -95,    1
  192,  481, 65:02,  -91,  -91,    1
  193,  478, 65:02,  -93,  -92,    1
  194,  483, 65:02,  -90,  -91,    1
  195,  481, 65:02,  -89,  -89,    1
  196,  959, 65:02,  -89,  -89,    1
  197,  474, 65:02,  -90,  -89,    1
  198,  489, 65:02,  -92,  -91,    1
  199,  475, 65:02,  -91,  -91,    1
  200,  484, 65:02,  -86,  -88,    1
  201,  481, 65:02,  -88,  -87,    1
  202,  964, 65:02,  -86,  -87,    1
  203,  480, 65:02,  -91,  -88,    1
  204,  467, 65:02,  -91,  -91,    1
  205,  989, 65:02,  -85,  -88,    1
  206,  457, 65:02,  -89,  -87,    1
  207,  489, 65:02,  -88,  -88,    1
  208,  509, 65:02,  -92,  -90,    1
  209, 3106, xx:xx, -120, -106,    1
  210,  216, 65:02,  -88, -104,    1
  211,  476, 65:02,  -85,  -86,    1
  212,  487, 65:02,  -85,  -85,    1
  213,  478, 65:02,  -86,  -85,    1
  214,  473, 65:02,  -95,  -90,    1
  215,  484, 65:02,  -84,  -89,    1
  216,  488, 65:02,  -86,  -85,    1
  217, 1430, 65:02,  -90,  -88,    1
  218,  499, 65:02,  -89,  -89,    1
  219,  949, 65:02,  -88,  -88,    1
  220,  475, 65:02,  -91,  -89,    1
  221,  526, 65:02,  -90,  -90,    1
  222,  434, 65:02,  -84,  -87,    1
  223,  481, 65:02,  -81,  -82,    1
  224,  506, 65:02,  -78,  -79,    1
  225,  933, 65:02,  -74,  -76,    1
  226,  968, 65:02,  -74,  -74,    1
  227,  477, 65:02,  -78,  -76,    1
  228,  473, 65:02,  -83,  -80,    1
  229,  498, 65:02,  -82,  -82,    1
  230,  461, 65:02,  -87,  -84,    1
  231,  484, 65:02,  -86,  -86,    1
  232,  478, 65:02,  -83,  -84,    1
  233,  484, 65:02,  -74,  -78,    1
  234,  474, 65:02,  -76,  -75,    1
  235,  488, 65:02,  -82,  -79,    1
  236,  480, 65:02,  -89,  -85,    1
  237, 1464, 65:02,  -88,  -88,    1
  238, 2373, 65:02,  -87,  -87,    2
  239, 1919, 65:02,  -86,  -86,    2
  240, 3089, xx:xx, -120, -103,    2
  241,  275, 65:02,  -92, -106,    2
  242,  472, 65:02,  -95,  -93,    2
  243,  482, 65:02,  -88,  -91,    2
  244,  481, 65:02,  -90,  -89,    2
  245,  969, 65:02,  -97,  -93,    2
  246,  473, 65:02,  -96,  -96,    2
  247,  475, 65:02,  -94,  -95,    2
  248, 1923, 65:02,  -98,  -96,    2
  249,  476, 65:02,  -96,  -97,    2
  250, 2416, 65:02,  -97,  -96,    2
  251,  949, 65:02,  -93,  -95,    2
  252,  486, 65:02,  -94,  -93,    2
  253,  471, 65:02,  -90,  -92,    2
  254,  495, 65:02,  -94,  -92,    2
  255,  465, 65:02,  -89,  -91,    2
  256,  484, 65:02,  -94,  -91,    2
  257,  478, 65:02,  -94,  -94,    2
  258, 1917, 65:02,  -97,  -95,    2
  259,  960, 65:02, -100,  -98,    2
  260, 3151, xx:xx, -120, -110,    2
  261,  211, 65:02,  -97, -108,    2
  262,  476, 65:02,  -94,  -95,    2
  263, 1445, 65:02,  -97,  -95,    2
  264, 3106, xx:xx, -120, -108,    2
  265,  256, 65:02, -102, -111,    2
  266, 2901, 65:02,  -99, -100,    2
  267, 3094, xx:xx, -120, -109,    2
  268,  246, 65:02, -102, -111,    2
  269,  472, 65:02,  -98, -100,    2
  270,  488, 65:02,  -93,  -95,    2
  271, 2428, 65:02,  -99,  -96,    2
  272, 1406, 65:02, -100,  -99,    2
  273, 2900, 65:02,  -98,  -99,    2
  274, 3097, xx:xx, -120, -109,    2
  275, 3153, xx:xx, -120, -120,    2
  276,  450, 65:02,  -99, -109,    2
  277,  499, 65:02,  -99,  -99,    2
  278,  479, 65:02,  -95,  -97,    2
  279,  470, 65:02,  -95,  -95,    2
  280, 2398, 65:02,  -90,  -92,    2
  281,  959, 65:02,  -97,  -93,    2
  282,  475, 65:02,  -91,  -94,    2
  283, 1928, 65:02,  -94,  -92,    2
  284,  474, 65:02,  -91,  -92,    2
  285, 1435, 65:02,  -95,  -93,    2
  286,  487, 65:02,  -88,  -91,    2
  287, 1441, 65:02,  -94,  -91,    2
  288, 1926, 65:02,  -86,  -90,    2
  289,  952, 65:02,  -90,  -88,    2
  290,  477, 65:02,  -87,  -88,    2
  291,  479, 65:02, -100,  -93,    2
  292, 1927, 65:02,  -96,  -98,    2
  293,  956, 65:02,  -91,  -93,    2
  294, 2398, 65:02, -100,  -95,    2
  295, 1464, 65:02,  -95,  -97,    2
  296, 2374, 65:02, -101,  -98,    2
  297, 2407, 65:02,  -98,  -99,    2
  298,  963, 65:02,  -98,  -98,    2
  299,  474, 65:02, -101,  -99,    2
  300,  478, 65:02,  -92,  -96,    2
  301, 1443, 65:02,  -93,  -92,    2
  302, 1917, 65:02,  -95,  -94,    2
  303,  990, 65:02, -100,  -97,    2
  304,  934, 65:02,  -95,  -97,    3
  305, 3232, xx:xx, -120, -107,    3
  306, 3013, 65:02,  -96, -108,    3
  307, 1928, 65:02,  -97,  -96,    3
  308,  948, 65:02, -100,  -98,    3
  309, 3108, xx:xx, -120, -110,    3
  310,  270, 65:02, -100, -110,    3
  311, 2862, 65:02,  -99,  -99,    3
  312, 3103, xx:xx, -120, -109,    3
  313,  276, 65:02, -101, -110,    3
  314, 1423, 65:02,  -95,  -98,    3
  315, 2403, 65:02,  -94,  -94,    3
  316,  488, 65:02,  -95,  -94,    3
  317, 1908, 65:02,  -96,  -95,    3
  318, 1438, 65:02,  -94,  -95,    3
  319,  488, 65:02,  -87,  -90,    3
  320,  961, 65:02,  -96,  -91,    3
  321,  468, 65:02, -101,  -98,    3
  322,  479, 65:02,  -92,  -96,    3
  323, 1444, 65:02, -102,  -97,    3
  324,  498, 65:02,  -95,  -98,    3
  325, 1428, 65:02,  -96,  -95,    3
  326,  475, 65:02,  -83,  -89,    3
  327,  483, 65:02,  -93,  -88,    3
  328,  962, 65:02,  -99,  -96,    3
  329,  476, 65:02,  -88,  -93,    3
  330, 1457, 65:02,  -96,  -92,    3
  331,  460, 65:02,  -96,  -96,    3
  332,  486, 65:02,  -98,  -97,    3
  333,  480, 65:02,  -92,  -95,    3
  334,  958, 65:02,  -97,  -94,    3
  335, 1456, 65:02,  -95,  -96,    3
  336, 2385, 65:02,  -93,  -94,    3
  337, 3090, xx:xx, -120, -106,    3
  338, 2191, 65:02,  -96, -108,    3
  339,  960, 65:02,  -96,  -96,    3
  340,  480, 65:02,  -99,  -97,    3
  341,  481, 65:02,  -99,  -99,    3
  342, 1433, 65:02,  -93,  -96,    3
  343,  481, 65:02,  -93,  -93,    3
  344, 1920, 65:02,  -93,  -93,    3
  345, 2880, 65:02,  -95,  -94,    3
  346, 3089, xx:xx, -120, -107,    3
  347, 2674, 65:02, -102, -111,    3
  348, 3093, xx:xx, -120, -111,    3
  349,  747, 65:02,  -98, -109,    3
  350, 3152, xx:xx, -120, -109,    3
  351, 2130, 65:02,  -98, -109,    3
  352, 1438, 65:02,  -94,  -96,    3
  353,  484, 65:02,  -98,  -96,    3
  354, 3107, xx:xx, -120, -109,    3
  355,  254, 65:02,  -99, -109,    3
  356,  956, 65:02, -100,  -99,    3
  357, 1435, 65:02,  -94,  -97,    3
  358,  969, 65:02,  -96,  -95,    3
  359, 1438, 65:02,  -99,  -97,    3
  360, 3114, xx:xx, -120, -109,    3
  361,  726, 65:02,  -94, -107,    3
  362,  477, 65:02, -103,  -98,    3
  363, 2404, 65:02,  -93,  -98,    3
  364,  475, 65:02,  -93,  -93,    3
  365,  509, 65:02,  -94,  -93,    3
  366, 2857, 65:02,  -87,  -90,    3
  367,  471, 65:02,  -83,  -85,    3
  368,  499, 65:02,  -92,  -87,    3
  369,  461, 65:02,  -91,  -91,    3
  370,  482, 65:02,  -86,  -88,    3
  371, 1445, 65:02,  -89,  -87,    3
  372,  985, 65:02,  -99,  -94,    3
  373,  455, 65:02,  -93,  -96,    3
  374, 2395, 65:02,  -88,  -90,    3
  375,  967, 65:02,  -91,  -89,    3
  376,  476, 65:02,  -92,  -91,    4
  377, 2883, 65:02,  -96,  -94,    4
  378,  472, 65:02,  -96,  -96,    4
  379,  483, 65:02,  -98,  -97,    4
  380, 2401, 65:02, -103, -100,    4
  381, 1438, 65:02,  -97, -100,    4
  382,  966, 65:02,  -98,  -97,    4
  383, 1438, 65:02,  -94,  -96,    4
  384,  977, 65:02,  -98,  -96,    4
  385,  465, 65:02,  -97,  -97,    4
  386,  957, 65:02,  -97,  -97,    4
  387, 2407, 65:02,  -98,  -97,    4
  388,  472, 65:02,  -95,  -96,    4
  389,  961, 65:02,  -91,  -93,    4
  390, 1925, 65:02,  -99,  -95,    4
  391,  954, 65:02, -100,  -99,    4
  392, 3100, xx:xx, -120, -110,    4
  393, 1705, 65:02, -101, -110,    4
  394, 3099, xx:xx, -120, -110,    4
  395, 2173, 65:02,  -97, -108,    4
  396, 3102, xx:xx, -120, -108,    4
  397, 3101, xx:xx, -120, -120,    4
  398, 1000, 65:02,  -99, -109,    4
  399, 1448, 65:02, -101, -100,    4
  400,  466, 65:02,  -96,  -98,    4
  401, 3100, xx:xx, -120, -108,    4
  402, 3100, xx:xx, -120, -120,    4
  403,  522, 65:02,  -95, -107,    4
  404,  483, 65:02,  -97,  -96,    4
  405, 1444, 65:02,  -99,  -98,    4
  406,  477, 65:02, -100,  -99,    4
  407,  954, 65:02,  -87,  -93,    4
  408,  505, 65:02,  -97,  -92,    4
  409,  468, 65:02, -101,  -99,    4
  410,  949, 65:02,  -89,  -95,    4
  411,  503, 65:02,  -96,  -92,    4
  412,  454, 65:02,  -99,  -97,    4
  413,  486, 65:02,  -85,  -92,    4
  414,  482, 65:02,  -90,  -87,    4
  415,  474, 65:02,  -92,  -91,    4
  416,  483, 65:02,  -86,  -89,    5
  417, 1932, 65:02,  -97,  -91,    5
  418,  467, 65:02,  -91,  -94,    5
  419,  483, 65:02,  -90,  -90,    5
  420, 3103, xx:xx, -120, -105,    5
  421, 1219, 65:02,  -94, -107,    5
  422,  480, 65:02,  -97,  -95,    5
  423, 1916, 65:02,  -95,  -96,    5
  424, 3110, xx:xx, -120, -107,    5
  425,  255, 65:02,  -97, -108,    5
  426,  954, 65:02,  -95,  -96,    5
  427,  499, 65:02, -101,  -98,    5
  428,  466, 65:02,  -97,  -99,    5
  429,  472, 65:02, -101,  -99,    5
  430, 2412, 65:02,  -97,  -99,    5
  431, 3127, xx:xx, -120, -108,    5
  432, 1189, 65:02,  -99, -109,    5
  433,  966, 65:02,  -97,  -98,    5
  434, 2386, 65:02,  -96,  -96,    5
  435, 3105, xx:xx, -120, -108,    5
  436, 3112, xx:xx, -120, -120,    5
  437, 3103, xx:xx, -120, -120,    5
  438,  759, 65:02,  -98, -109,    5
  439, 3108, xx:xx, -120, -109,    5
  440,  731, 65:02,  -99, -109,    5
  441,  982, 65:02,  -97,  -98,    5
  442, 3137, xx:xx, -120, -108,    5
  443,  694, 65:02,  -99, -109,    5
  444, 3100, xx:xx, -120, -109,    5
  445,  254, 65:02,  -97, -108,    5
  446,  958, 65:02,  -90,  -93,    5
  447, 1922, 65:02, -102,  -96,    5
  448,  485, 65:02,  -96,  -99,    5
  449, 1432, 65:02,  -96,  -96,    5
  450, 2425, 65:02,  -99,  -97,    5
  451, 1414, 65:02,  -96,  -97,    5
  452,  481, 65:02,  -91,  -93,    5
  453, 1443, 65:02,  -87,  -89,    5
  454, 1444, 65:02,  -90,  -88,    6
  455, 2399, 65:02,  -97,  -93,    6
  456, 2395, 65:02,  -97,  -97,    6
  457,  485, 65:02,  -94,  -95,    6
  458,  960, 65:02,  -92,  -93,    6
  459,  476, 65:02,  -95,  -93,    6
  460,  479, 65:02,  -99,  -97,    6
  461,  497, 65:02,  -91,  -95,    6
  462, 1426, 65:02,  -97,  -94,    6
  463,  498, 65:02,  -99,  -98,    6
  464,  457, 65:02,  -94,  -96,    6
  465,  477, 65:02,  -93,  -93,    6
  466, 2405, 65:02,  -98,  -95,    6
  467, 2406, 65:02,  -92,  -95,    6
  468, 1432, 65:02, -100,  -96,    6
  469,  477, 65:02,  -95,  -97,    6
  470,  489, 65:02,  -98,  -96,    6
  471, 2394, 65:02,  -99,  -98,    6
  472,  485, 65:02,  -99,  -99,    6
  473, 1432, 65:02,  -98,  -98,    6
  474, 3103, xx:xx, -120, -109,    6
  475, 3090, xx:xx, -120, -120,    6
  476, 3093, xx:xx, -120, -120,    6
  477, 1275, 65:02,  -96, -108,    6
  478, 3097, xx:xx, -120, -108,    6
  479, 3112, xx:xx, -120, -120,    6
  480, 1476, 65:02, -100, -110,    6
  481, 3101, xx:xx, -120, -110,    6
  482, 3093, xx:xx, -120, -120,    6
  483,  536, 65:02,  -98, -109,    6
  484, 1434, 65:02,  -97,  -97,    6
  485, 3164, xx:xx, -120, -108,    6
  486, 1159, 65:02,  -98, -109,    6
  487,  477, 65:02,  -94,  -96,    6
  488, 2403, 65:02,  -98,  -96,    6
  489,  475, 65:02,  -95,  -96,    6
  490,  477, 65:02,  -87,  -91,    6
  491, 2404, 65:02,  -98,  -92,    6
  492,  478, 65:02,  -88,  -93,    6
  493, 3105, xx:xx, -120, -104,    6
  494,  268, 65:02,  -85, -102,    7
  495,  947, 65:02,  -95,  -90,    7
  496,  482, 65:02,  -96,  -95,    7
  497,  489, 65:02,  -95,  -95,    7
  498, 1912, 65:02,  -99,  -97,    7
  499,  478, 65:02,  -97,  -98,    7
  500,  964, 65:02,  -94,  -95,    7
  501,  476, 65:02,  -92,  -93,    7
  502,  481, 65:02,  -95,  -93,    7
  503, 1438, 65:02,  -93,  -94,    7
  504,  958, 65:02,  -92,  -92,    7
  505,  480, 65:02,  -99,  -95,    7
  506, 3098, xx:xx, -120, -109,    7
  507,  265, 65:02, -102, -111,    7
  508,  964, 65:02,  -95,  -98,    7
  509,  470, 65:02, -103,  -99,    7
  510, 1920, 65:02,  -93,  -98,    7
  511,  484, 65:02,  -97,  -95,    7
  512,  497, 65:02,  -94,  -95,    7
  513, 1901, 65:02,  -92,  -93,    7
  514, 1443, 65:02,  -98,  -95,    7
  515,  499, 65:02,  -96,  -97,    7
  516,  943, 65:02,  -90,  -93,    7
  517, 3101, xx:xx, -120, -105,    7
  518,  738, 65:02,  -97, -108,    7
  519, 2400, 65:02,  -98,  -97,    7
  520, 3101, xx:xx, -120, -109,    7
  521, 3105, xx:xx, -120, -120,    7
  522, 1471, 65:02, -102, -111,    7
  523,  487, 65:02,  -99, -100,    7
  524, 3104, xx:xx, -120, -109,    7
  525, 2180, 65:02,  -98, -109,    7
  526, 1921, 65:02,  -96,  -97,    7
  527,  467, 65:02,  -95,  -95,    7
  528, 1442, 65:02,  -97,  -96,    7
  529,  980, 65:02,  -96,  -96,    7
  530, 1425, 65:02,  -92,  -94,    7
  531, 2875, 65:02, -100,  -96,    7
  532,  965, 65:02, -100, -100,    7
  533, 1917, 65:02,  -90,  -95,    7
  534,  477, 65:02,  -99,  -94,    7
  535,  970, 65:02,  -85,  -92,    7
  536, 1432, 65:02,  -90,  -87,    7
  537, 1445, 65:02,  -90,  -90,    7
  538, 2877, 65:02,  -99,  -94,    7
  539,  483, 65:02,  -88,  -93,    7
  540,  961, 65:02,  -95,  -91,    7
  541, 2405, 65:02,  -95,  -95,    7
  542, 1435, 65:02,  -99,  -97,    7
  543,  478, 65:02, -100,  -99,    7
  544,  471, 65:02,  -93,  -96,    7
  545, 2405, 65:02,  -98,  -95,    7
  546,  485, 65:02,  -91,  -94,    8
  547,  961, 65:02,  -95,  -93,    8
  548, 1436, 65:02,  -95,  -95,    8
  549, 2398, 65:02,  -97,  -96,    8
  550, 2883, 65:02,  -91,  -94,    8
  551,  479, 65:02,  -96,  -93,    8
  552, 1923, 65:02,  -91,  -93,    8
  553, 1913, 65:02, -101,  -96,    8
  554,  985, 65:02,  -89,  -95,    8
  555, 2380, 65:02,  -99,  -94,    8
  556,  480, 65:02, -100,  -99,    8
  557, 1932, 65:02, -102, -101,    8
  558, 3087, xx:xx, -120, -111,    8
  559, 1699, 65:02,  -99, -109,    8
  560, 3147, xx:xx, -120, -109,    8
  561,  217, 65:02,  -94, -107,    8
  562, 1452, 65:02,  -99,  -96,    8
  563, 2387, 65:02,  -93,  -96,    8
  564, 3090, xx:xx, -120, -106,    8
  565, 1229, 65:02,  -94, -107,    8
  566, 2876, 65:02,  -96,  -95,    8
  567,  479, 65:02, -100,  -98,    8
  568,  484, 65:02,  -89,  -94,    8
  569,  960, 65:02,  -93,  -91,    8
  570, 1436, 65:02,  -97,  -95,    8
  571, 2407, 65:02,  -91,  -94,    8
  572, 1440, 65:02,  -96,  -93,    8
  573,  473, 65:02,  -99,  -97,    8
  574,  484, 65:02,  -89,  -94,    8
  575,  478, 65:02,  -95,  -92,    8
  576, 2884, 65:02,  -90,  -92,    8
  577,  475, 65:02,  -87,  -88,    8
  578,  478, 65:02, -100,  -93,    8
  579, 2402, 65:02,  -90,  -95,    8
  580,  487, 65:02,  -95,  -92,    8
  581,  479, 65:02,  -91,  -93,    8
  582,  482, 65:02,  -87,  -89,    8
  583, 1909, 65:02,  -96,  -91,    8
  584,  483, 65:02,  -98,  -97,    8
  585, 1927, 65:02,  -98,  -98,    8
  586, 2397, 65:02,  -96,  -97,    8
  587, 1445, 65:02, -101,  -98,    8
  588, 1916, 65:02,  -93,  -97,    8
  589, 1921, 65:02,  -97,  -95,    8
  590, 1457, 65:02,  -97,  -97,    8
  591, 1420, 65:02,  -96,  -96,    8
  592, 2400, 65:02,  -98,  -97,    8
  593,  479, 65:02,  -95,  -96,    8
  594, 1440, 65:02, -100,  -97,    8
  595,  960, 65:02,  -91,  -95,    8
  596, 1924, 65:02,  -94,  -92,    8
  597, 2395, 65:02, -103,  -98,    8
  598,  486, 65:02, -100, -101,    8
  599, 2874, 65:02, -100, -100,    8
  600,  966, 65:02,  -92,  -96,    8
  601,  984, 65:02,  -98,  -95,    8
  602, 3100, xx:xx, -120, -109,    8
  603, 1204, 65:02, -103, -111,    8
  604,  465, 65:02,  -94,  -98,    8
  605, 2406, 65:02, -100,  -97,    8
  606, 2398, 65:02, -100, -100,    8
  607, 1433, 65:02,  -95,  -97,    8
  608, 3102, xx:xx, -120, -107,    8
  609, 3097, xx:xx, -120, -120,    8
  610,  530, 65:02, -100, -110,    8
  611,  479, 65:02,  -85,  -92,    8
  612,  476, 65:02,  -92,  -88,    8
  613, 1442, 65:02,  -92,  -92,    8
  614, 1922, 65:02,  -89,  -90,    8
  615,  959, 65:02,  -98,  -93,    8
  616, 1919, 65:02,  -84,  -91,    8
  617,  954, 65:02,  -89,  -86,    8
  618,  484, 65:02,  -92,  -90,    8
  619, 1444, 65:02, -101,  -96,    8
  620,  956, 65:02,  -93,  -97,    8
  621,  485, 65:02,  -94,  -93,    8
  622,  506, 65:02,  -95,  -94,    8
  623, 1414, 65:02,  -94,  -94,    8
  624,  476, 65:02,  -90,  -92,    8
  625, 1916, 65:02,  -98,  -94,    8
  626, 1928, 65:02,  -96,  -97,    8
  627,  956, 65:02,  -92,  -94,    8
  628, 2404, 65:02,  -94,  -93,    8
  629, 1438, 65:02,  -93,  -93,    8
  630,  474, 65:02, -101,  -97,    8
  631,  965, 65:02, -102, -101,    8
  632, 2395, 65:02,  -98, -100,    8
  633, 2404, 65:02,  -96,  -97,    8
  634, 3102, xx:xx, -120, -108,    8
  635, 1214, 65:02, -105, -112,    8
  636,  969, 65:02,  -94,  -99,    8
  637, 3105, xx:xx, -120, -107,    8
  638, 3104, xx:xx, -120, -120,    8
  639,  505, 65:02,  -99, -109,    8
  640, 3103, xx:xx, -120, -109,    8
  641, 1696, 65:02, -102, -111,    8
  642, 1466, 65:02,  -98, -100,    8
  643, 1419, 65:02,  -97,  -97,    8
  644, 2404, 65:02,  -98,  -97,    8
  645, 3127, xx:xx, -120, -109,    8
  646, 3129, 65:02,  -95, -107,    8
  647, 1426, 65:02,  -97,  -96,    8
  648, 1435, 65:02,  -96,  -96,    8
  649, 1447, 65:02, -100,  -98,    8
  650,  958, 65:02,  -95,  -97,    8
  651,  478, 65:02,  -95,  -95,    8
  652, 1438, 65:02,  -91,  -93,    8
  653,  474, 65:02,  -90,  -90,    8
  654,  487, 65:02,  -92,  -91,    8
  655,  478, 65:02,  -97,  -94,    8
  656,  481, 65:02,  -88,  -92,    8
  657, 1436, 65:02,  -82,  -85,    8
  658,  482, 65:02,  -84,  -83,    8
  659,  485, 65:02,  -85,  -84,    8
  660,  472, 65:02,  -82,  -83,    8
  661,  477, 65:02,  -77,  -79,    8
  662,  483, 65:02,  -76,  -76,    8
  663,  966, 65:02,  -80,  -78,    8
  664,  505, 65:02,  -80,  -80,    8
  665,  457, 65:02,  -78,  -79,    8
  666,  474, 65:02,  -80,  -79,    8
  667,  476, 65:02,  -81,  -80,    9
  668,  489, 65:02,  -80,  -80,    9
  669,  478, 65:02,  -77,  -78,    9
  670,  486, 65:02,  -77,  -77,    9
  671,  468, 65:02,  -78,  -77,    9
  672,  485, 65:02,  -80,  -79,    9
  673,  477, 65:02,  -69,  -74,    9
  674,  483, 65:02,  -64,  -66,    9
  675,  486, 65:02,  -62,  -63,    9
  676,  474, 65:02,  -63,  -62,    9
  677,  958, 65:02,  -64,  -63,    9
  678,  481, 65:02,  -65,  -64,    9
  679,  484, 65:02,  -65,  -65,    9
  680,  960, 65:02,  -65,  -65,    9
  681,  476, 65:02,  -64,  -64,    9
  682,  475, 65:02,  -64,  -64,    9
  683,  495, 65:02,  -63,  -63,    9
  684,  473, 65:02,  -64,  -63,    9
  685,  471, 65:02,  -65,  -64,    9
  686,  481, 65:02,  -64,  -64,    9
  687,  487, 65:02,  -64,  -64,    9
  688,  481, 65:02,  -65,  -64,    9
  689,  481, 65:02,  -69,  -67,    9
  690,  479, 65:02,  -73,  -71,    9
  691,  487, 65:02,  -68,  -70,    9
  692,  472, 65:02,  -64,  -66,    9
  693,  490, 65:02,  -63,  -63,    9
  694,  466, 65:02,  -63,  -63,    9
  695,  481, 65:02,  -63,  -63,    9
  696,  479, 65:02,  -63,  -63,    9
  697,  481, 65:02,  -63,  -63,    9
  698,  483, 65:02,  -63,  -63,    9
  699,  474, 65:02,  -65,  -64,    9
  700,  486, 65:02,  -65,  -65,    9
  701,  477, 65:02,  -65,  -65,    9
  702,  478, 65:02,  -64,  -64,    9
  703,  499, 65:02,  -63,  -63,    9
  704,  464, 65:02,  -64,  -63,    9
  705,  481, 65:02,  -64,  -64,    9
  706,  482, 65:02,  -64,  -64,    9
  707,  495, 65:02,  -64,  -64,    9
  708,  466, 65:02,  -63,  -63,    9
  709,  478, 65:02,  -60,  -61,    9
  710,  480, 65:02,  -59,  -59,    9
  711,  475, 65:02,  -61,  -60,    9
  712,  476, 65:02,  -62,  -61,    9
  713,  977, 65:02,  -62,  -62,    9
  714,  466, 65:02,  -62,  -62,    9
  715,  967, 65:02,  -62,  -62,    9
  716,  478, 65:02,  -63,  -62,    9
  717,  474, 65:02,  -63,  -63,    9
  718,  488, 65:02,  -63,  -63,    9
  719,  478, 65:02,  -64,  -63,    9
  720,  477, 65:02,  -66,  -65,    9
  721,  481, 65:02,  -65,  -65,    9
  722,  973, 65:02,  -60,  -62,    9
  723,  475, 65:02,  -61,  -60,    9
  724,  470, 65:02,  -61,  -61,    9
  725,  496, 65:02,  -61,  -61,    9
  726,  950, 65:02,  -61,  -61,    9
  727,  983, 65:02,  -60,  -60,    9
  728,  453, 65:02,  -62,  -61,    9
  729,  479, 65:02,  -61,  -61,    9
  730,  482, 65:02,  -62,  -61,    9
  731,  479, 65:02,  -61,  -61,    9
  732,  480, 65:02,  -62,  -61,    9
  733,  484, 65:02,  -62,  -62,    9
  734,  475, 65:02,  -62,  -62,    9
  735,  479, 65:02,  -62,  -62,    9
  736,  484, 65:02,  -61,  -61,    9
  737,  507, 65:02,  -62,  -61,    9
  738,  463, 65:02,  -62,  -62,    9
  739,  467, 65:02,  -62,  -62,    9
  740,  478, 65:02,  -62,  -62,    9
  741,  486, 65:02,  -64,  -63,    9
  742,  481, 65:02,  -63,  -63,    9
  743,  959, 65:02,  -62,  -62,    9
  744,  474, 65:02,  -63,  -62,    9
  745,  498, 65:02,  -63,  -63,    9
  746,  951, 65:02,  -61,  -62,    9
  747,  499, 65:02,  -61,  -61,    9
  748,  461, 65:02,  -62,  -61,    9
  749,  469, 65:02,  -62,  -62,    9
  750,  499, 65:02,  -63,  -62,    9
  751,  471, 65:02,  -64,  -63,    9
  752,  975, 65:02,  -62,  -63,    9
  753,  466, 65:02,  -62,  -62,    9
  754,  954, 65:02,  -61,  -61,    9
  755,  957, 65:02,  -62,  -61,    9
  756,  516, 65:02,  -65,  -63,    9
  757,  476, 65:02,  -68,  -66,    9
  758,  462, 65:02,  -65,  -66,    9
  759,  468, 65:02,  -67,  -66,    9
  760,  481, 65:02,  -67,  -67,    9
  761,  480, 65:02,  -74,  -70,    9
  762,  485, 65:02,  -73,  -73,    9
  763,  475, 65:02,  -74,  -73,    9
  764,  483, 65:02,  -85,  -79,    9
  765,  496, 65:02,  -80,  -82,    9
  766,  462, 65:02,  -79,  -79,    9
  767,  476, 65:02,  -75,  -77,    9
  768,  483, 65:02,  -77,  -76,    9
  769,  505, 65:02,  -86,  -81,    9
  770,  480, 65:02,  -93,  -89,    9
  771,  942, 65:02,  -75,  -84,    9
  772,  468, 65:02,  -79,  -77,    9
  773,  479, 65:02,  -74,  -76,    9
  774,  482, 65:02,  -79,  -76,    9
  775,  477, 65:02,  -77,  -78,    9
  776,  489, 65:02,  -87,  -82,    9
  777,  501, 65:02,  -90,  -88,    9
  778, 1418, 65:02,  -93,  -91,    9
  779,  475, 65:02,  -99,  -96,    9
  780,  486, 65:02,  -89,  -94,    9
  781,  957, 65:02,  -95,  -92,    9
  782,  480, 65:02,  -92,  -93,    9
  783,  481, 65:02,  -95,  -93,    9
  784,  482, 65:02,  -92,  -93,    9
  785,  492, 65:02,  -84,  -88,    9
  786,  469, 65:02,  -99,  -91,    9
  787,  474, 65:02,  -86,  -92,    9
  788,  478, 65:02,  -89,  -87,    9
  789,  494, 65:02,  -97,  -93,    9
  790,  954, 65:02,  -91,  -94,    9
  791,  470, 65:02, -100,  -95,    9
  792,  482, 65:02,  -86,  -93,    9
  793,  485, 65:02,  -90,  -88,    9
  794,  482, 65:02,  -90,  -90,    9
  795,  477, 65:02,  -90,  -90,    9
  796, 1443, 65:02,  -86,  -88,    9
  797,  476, 65:02,  -84,  -85,    9
  798,  482, 65:02,  -98,  -91,    9
  799,  484, 65:02,  -96,  -97,    9
  800,  474, 65:02,  -94,  -95,    9
  801,  481, 65:02,  -85,  -89,    9
  802,  508, 65:02,  -92,  -88,    9
  803,  452, 65:02,  -91,  -91,    9
  804,  477, 65:02,  -80,  -85,    9
  805,  479, 65:02,  -87,  -83,    9
  806,  483, 65:02,  -76,  -81,    9
  807,  485, 65:02,  -87,  -81,    9
  808,  475, 65:02,  -81,  -84,    9
  809,  489, 65:02,  -76,  -78,    9
  810,  470, 65:02,  -80,  -78,    9
  811,  480, 65:02,  -80,  -80,    9
  812,  486, 65:02,  -72,  -76,    9
  813,  478, 65:02,  -67,  -69,    9
  814,  481, 65:02,  -64,  -65,    9
  815,  477, 65:02,  -65,  -64,    9
  816,  516, 65:02,  -71,  -68,    9
  817,  464, 65:02,  -62,  -66,    9
  818,  461, 65:02,  -72,  -67,    9
  819,  474, 65:02,  -72,  -72,    9
  820,  483, 65:02,  -70,  -71,    9
  821,  486, 65:02,  -68,  -69,    9
  822,  477, 65:02,  -69,  -68,    9
  823,  479, 65:02,  -72,  -70,    9
  824,  486, 65:02,  -85,  -78,    9
  825,  477, 65:02,  -85,  -85,    9
  826,  474, 65:02,  -84,  -84,    9
  827,  482, 65:02,  -94,  -89,    9
  828,  482, 65:02,  -86,  -90,    9
  829,  476, 65:02,  -83,  -84,    9
  830,  963, 65:02,  -84,  -83,    9
  831,  478, 65:02,  -80,  -82,    9
  832,  484, 65:02,  -82,  -81,    9
  833,  961, 65:02,  -80,  -81,    9
  834,  478, 65:02,  -80,  -80,    9
  835,  478, 65:02,  -78,  -79,    9
  836,  482, 65:02,  -78,  -78,    9
  837,  480, 65:02,  -79,  -78,    9
  838,  477, 65:02,  -79,  -79,    9
  839,  483, 65:02,  -83,  -81,    9
  840,  483, 65:02,  -77,  -80,    9
  841,  960, 65:02,  -76,  -76,    9
  842,  481, 65:02,  -75,  -75,    9
  843,  472, 65:02,  -84,  -79,    9
  844,  482, 65:02,  -90,  -87,    9
  845,  481, 65:02,  -83,  -86,    9
  846,  481, 65:02,  -83,  -83,    9
  847,  488, 65:02,  -87,  -85,    9
  848,  950, 65:02,  -83,  -85,    9
  849,  480, 65:02,  -85,  -84,    9
  850,  487, 65:02,  -90,  -87,    9
  851,  469, 65:02,  -92,  -91,    9
  852,  489, 65:02,  -85,  -88,    9
  853,  478, 65:02,  -81,  -83,    9
  854,  478, 65:02,  -80,  -80,    9
  855,  484, 65:02,  -84,  -82,    9
  856,  503, 65:02,  -83,  -83,    9
  857,  487, 65:02,  -88,  -85,    9
  858,  478, 65:02,  -83,  -85,    9
  859,  477, 65:02,  -87,  -85,    9
  860,  452, 65:02,  -86,  -86,    9
  861,  962, 65:02,  -91,  -88,    9
  862,  474, 65:02,  -80,  -85,    9
  863,  485, 65:02,  -84,  -82,    9
  864,  476, 65:02,  -91,  -87,    9
  865,  966, 65:02,  -80,  -85,    9
  866,  475, 65:02,  -84,  -82,    9
  867,  491, 65:02,  -79,  -81,    9
  868,  472, 65:02,  -78,  -78,    9
  869,  480, 65:02,  -83,  -80,    9
  870,  955, 65:02,  -66,  -74,    9
  871,  486, 65:02,  -65,  -65,    9
  872,  482, 65:02,  -66,  -65,    9
  873,  957, 65:02,  -67,  -66,    9
  874,  475, 65:02,  -67,  -67,    9
  875,  482, 65:02,  -70,  -68,    9
  876,  477, 65:02,  -67,  -68,    9
  877,  490, 65:02,  -68,  -67,    9
  878,  479, 65:02,  -68,  -68,    9
  879,  473, 65:02,  -71,  -69,    9
  880,  512, 65:02,  -83,  -77,   10
  881,  475, 65:02,  -75,  -79,   10
  882,  458, 65:02,  -73,  -74,   10
  883,  479, 65:02,  -72,  -72,   10
  884,  485, 65:02,  -72,  -72,   10
  885,  472, 65:02,  -73,  -72,   10
  886,  968, 65:02,  -75,  -74,   10
  887,  477, 65:02,  -76,  -75,   10
  888,  955, 65:02,  -81,  -78,   10
  889,  489, 65:02,  -79,  -80,   10
  890,  483, 65:02,  -76,  -77,   10
  891,  948, 65:02,  -79,  -77,   10
  892,  483, 65:02,  -79,  -79,   10
  893,  477, 65:02,  -77,  -78,   10
  894,  478, 65:02,  -88,  -82,   10
  895,  487, 65:02,  -81,  -84,   10
  896,  475, 65:02,  -85,  -83,   10
  897,  488, 65:02,  -87,  -86,   10
  898, 1439, 65:02,  -99,  -93,   10
  899,  952, 65:02,  -92,  -95,   10
  900,  970, 65:02,  -90,  -91,   10
  901,  476, 65:02,  -85,  -87,   10
  902, 1914, 65:02,  -98,  -91,   10
  903,  489, 65:02,  -86,  -92,   10
  904,  960, 65:02,  -89,  -87,   10
  905,  471, 65:02,  -98,  -93,   10
  906,  493, 65:02,  -90,  -94,   10
  907, 1912, 65:02,  -93,  -91,   10
  908, 1927, 65:02,  -99,  -96,   10
  909,  954, 65:02,  -96,  -97,   10
  910,  489, 65:02,  -94,  -95,   10
  911,  953, 65:02,  -97,  -95,   10
  912,  474, 65:02,  -94,  -95,   10
  913,  484, 65:02,  -90,  -92,   10
  914, 1444, 65:02, -101,  -95,   10
  915,  483, 65:02,  -95,  -98,   10
  916,  476, 65:02,  -97,  -96,   10
  917, 3110, xx:xx, -120, -108,   10
  918,  737, 65:02, -100, -110,   10
  919,  965, 65:02,  -98,  -99,   10
  920,  469, 65:02,  -95,  -96,   10
  921, 1435, 65:02,  -91,  -93,   10
  922, 1444, 65:02,  -97,  -94,   10
  923, 3105, xx:xx, -120, -108,   10
  924, 3094, xx:xx, -120, -120,   10
  925, 3094, xx:xx, -120, -120,   10
  926, 3098, xx:xx, -120, -120,   10
  927, 3098, xx:xx, -120, -120,   10
  928,  351, 65:02,  -98, -109,   10
  929, 1445, 65:02,  -98,  -98,   10
  930, 2399, 65:02,  -93,  -95,   10
  931, 1434, 65:02,  -91,  -92,   10
  932, 2884, 65:02,  -96,  -93,   10
  933,  499, 65:02,  -94,  -95,   10
  934, 1416, 65:02,  -98,  -96,   10
  935, 1931, 65:02,  -90,  -94,   10
  936,  480, 65:02,  -89,  -89,   10
  937,  478, 65:02, -103,  -96,   10
  938,  476, 65:02,  -95,  -99,   10
  939,  474, 65:02,  -93,  -94,   10
  940,  491, 65:02,  -88,  -90,   10
  941, 2386, 65:02,  -98,  -93,   10
  942, 1467, 65:02,  -87,  -92,   10
  943,  456, 65:02,  -87,  -87,   10
  944,  992, 65:02,  -96,  -91,   10
  945, 1887, 65:02,  -94,  -95,   10
  946,  488, 65:02,  -98,  -96,   10
  947,  956, 65:02,  -93,  -95,   10
  948, 3101, xx:xx, -120, -106,   10
  949,  262, 65:02, -103, -111,   10
  950, 1436, 65:02,  -98, -100,   10
  951, 1915, 65:02,  -93,  -95,   10
  952,  490, 65:02,  -97,  -95,   10
  953,  470, 65:02,  -98,  -97,   11
  954,  981, 65:02,  -91,  -94,   11
  955, 2868, 65:02,  -91,  -91,   11
  956,  963, 65:02,  -92,  -91,   11
  957, 2873, 65:02,  -97,  -94,   11
  958, 3098, xx:xx, -120, -108,   11
  959,  286, 65:02,  -93, -106,   11
  960, 1900, 65:02,  -93,  -93,   11
  961,  479, 65:02, -101,  -97,   11
  962, 1919, 65:02,  -95,  -98,   11
  963, 2403, 65:02, -101,  -98,   11
  964, 2401, 65:02, -100, -100,   11
  965,  476, 65:02,  -98,  -99,   11
  966, 3119, xx:xx, -120, -109,   11
  967, 1685, 65:02,  -94, -107,   11
  968, 2872, 65:02,  -99,  -96,   11
  969, 2420, 65:02,  -91,  -95,   11
  970, 1425, 65:02,  -98,  -94,   11
  971,  481, 65:02,  -95,  -96,   11
  972,  479, 65:02,  -94,  -94,   11
  973,  477, 65:02,  -99,  -96,   11
  974, 2408, 65:02,  -99,  -99,   11
  975, 1917, 65:02, -100,  -99,   11
  976,  478, 65:02,  -91,  -95,   11
  977,  488, 65:02,  -98,  -94,   11
  978, 1429, 65:02,  -91,  -94,   11
  979, 1439, 65:02,  -98,  -94,   11
  980, 1442, 65:02,  -87,  -92,   11
  981, 1443, 65:02,  -92,  -89,   11
  982,  495, 65:02,  -91,  -91,   11
  983,  961, 65:02,  -88,  -89,   11
  984,  943, 65:02,  -87,  -87,   11
  985,  478, 65:02,  -98,  -92,   11
  986,  480, 65:02,  -98,  -98,   11
  987, 1923, 65:02,  -94,  -96,   11
  988, 2401, 65:02,  -92,  -93,   11
  989,  473, 65:02,  -97,  -94,   11
  990, 1443, 65:02,  -94,  -95,   11
  991, 1441, 65:02, -102,  -98,   11
  992, 2411, 65:02,  -99, -100,   11
  993,  949, 65:02,  -98,  -98,   11
  994,  964, 65:02,  -99,  -98,   11
  995,  475, 65:02, -101, -100,   11
  996, 2398, 65:02,  -90,  -95,   11
  997,  493, 65:02,  -99,  -94,   11
  998, 3087, xx:xx, -120, -109,   11
  999,  740, 65:02,  -99, -109,   11
 1000,  968, 65:02,  -96,  -97,   11
 1001,  476, 65:02,  -98,  -97,   11
 1002, 2408, 65:02,  -99,  -98,   11
 1003, 3096, xx:xx, -120, -109,   11
 1004, 2655, 65:02,  -98, -109,   11
 1005, 3097, xx:xx, -120, -109,   11
 1006, 3106, xx:xx, -120, -120,   11
 1007, 1479, 65:02, -101, -110,   11
 1008, 3090, xx:xx, -120, -110,   11
 1009,  782, 65:02,  -98, -109,   11
 1010,  449, 65:02,  -99,  -98,   11
 1011, 3115, xx:xx, -120, -109,   11
 1012, 1687, 65:02,  -98, -109,   11
 1013,  956, 65:02,  -98,  -98,   11
 1014, 1929, 65:02,  -91,  -94,   11
 1015, 1428, 65:02,  -96,  -93,   11
 1016,  481, 65:02,  -95,  -95,   11
 1017, 2408, 65:02,  -98,  -96,   11
 1018,  955, 65:02,  -91,  -94,   11
 1019,  960, 65:02,  -87,  -89,   11
 1020,  476, 65:02,  -90,  -88,   11
 1021,  482, 65:02,  -86,  -88,   11
 1022,  481, 65:02,  -90,  -88,   11
 1023,  477, 65:02,  -85,  -87,   11
 1024,  488, 65:02,  -91,  -88,   11
 1025,  476, 65:02,  -93,  -92,   11
 1026, 1442, 65:02,  -88,  -90,   11
 1027,  482, 65:02,  -90,  -89,   11
 1028,  957, 65:02,  -81,  -85,   11
 1029, 1914, 65:02,  -89,  -85,   11
 1030,  486, 65:02,  -92,  -90,   11
 1031, 1442, 65:02,  -93,  -92,   11
 1032,  477, 65:02,  -94,  -93,   11
 1033, 1927, 65:02,  -98,  -96,   11
 1034,  473, 65:02,  -90,  -94,   11
 1035,  477, 65:02,  -97,  -93,   12
 1036,  492, 65:02,  -92,  -94,   12
 1037, 2387, 65:02,  -93,  -92,   12
 1038, 2412, 65:02,  -89,  -91,   12
 1039, 1428, 65:02, -100,  -94,   12
 1040, 1441, 65:02,  -92,  -96,   12
 1041,  967, 65:02,  -98,  -95,   12
 1042, 1435, 65:02,  -97,  -97,   12
 1043,  484, 65:02,  -99,  -98,   12
 1044, 2404, 65:02,  -94,  -96,   12
 1045, 3111, xx:xx, -120, -107,   12
 1046, 3102, xx:xx, -120, -120,   12
 1047, 1952, 65:02,  -97, -108,   12
 1048, 1449, 65:02, -100,  -98,   12
 1049, 2388, 65:02,  -97,  -98,   12
 1050, 2391, 65:02,  -94,  -95,   12
 1051, 3098, xx:xx, -120, -107,   12
 1052, 3098, xx:xx, -120, -120,   12
 1053, 2919, 65:02, -100, -110,   12
 1054, 2883, 65:02,  -96,  -98,   12
 1055, 1933, 65:02,  -97,  -96,   12
 1056,  956, 65:02,  -96,  -96,   12
 1057,  956, 65:02, -100,  -98,   12
 1058,  479, 65:02,  -88,  -94,   12
 1059, 1434, 65:02,  -95,  -91,   12
 1060,  485, 65:02,  -92,  -93,   12
 1061,  483, 65:02,  -96,  -94,   12
 1062, 2400, 65:02,  -91,  -93,   12
 1063,  960, 65:02,  -87,  -89,   12
 1064,  471, 65:02,  -90,  -88,   12
 1065,  965, 65:02, -100,  -95,   12
 1066, 1922, 65:02,  -99,  -99,   12
 1067,  490, 65:02,  -93,  -96,   13
 1068,  472, 65:02,  -89,  -91,   13
 1069,  476, 65:02,  -87,  -88,   13
 1070, 2398, 65:02,  -95,  -91,   13
 1071,  494, 65:02,  -87,  -91,   13
 1072,  467, 65:02,  -94,  -90,   13
 1073,  481, 65:02,  -96,  -95,   13
 1074, 2408, 65:02, -101,  -98,   13
 1075,  471, 65:02,  -91,  -96,   13
 1076,  959, 65:02,  -92,  -91,   13
 1077,  964, 65:02,  -92,  -92,   13
 1078, 1441, 65:02,  -94,  -93,   13
 1079, 1441, 65:02, -100,  -97,   13
 1080,  969, 65:02,  -96,  -98,   13
 1081, 1909, 65:02,  -96,  -96,   13
 1082,  961, 65:02,  -88,  -92,   13
 1083, 3115, xx:xx, -120, -104,   13
 1084, 3104, xx:xx, -120, -120,   13
 1085, 1459, 65:02,  -95, -107,   13
 1086, 3104, xx:xx, -120, -107,   13
 1087, 2173, 65:02,  -96, -108,   13
 1088, 1440, 65:02,  -99,  -97,   13
 1089, 3107, xx:xx, -120, -109,   13
 1090, 3106, xx:xx, -120, -120,   13
 1091, 1966, 65:02, -100, -110,   13
 1092, 3105, xx:xx, -120, -110,   13
 1093, 3104, xx:xx, -120, -120,   13
 1094, 1949, 65:02,  -98, -109,   13
 1095,  468, 65:02,  -97,  -97,   13
 1096, 2395, 65:02,  -95,  -96,   13
 1097,  483, 65:02,  -92,  -93,   13
 1098, 2402, 65:02,  -93,  -92,   13
 1099, 1927, 65:02,  -95,  -94,   14
 1100,  470, 65:02, -100,  -97,   14
 1101,  490, 65:02,  -93,  -96,   14
 1102, 2873, 65:02,  -97,  -95,   14
 1103,  486, 65:02,  -98,  -97,   14
 1104,  477, 65:02,  -88,  -93,   14
 1105,  474, 65:02,  -89,  -88,   14
 1106, 1445, 65:02,  -94,  -91,   14
 1107, 3091, xx:xx, -120, -107,   14
 1108, 2670, 65:02,  -90, -105,   14
 1109,  475, 65:02,  -95,  -92,   14
 1110,  486, 65:02,  -92,  -93,   14
 1111,  965, 65:02,  -91,  -91,   14
 1112, 1434, 65:02,  -99,  -95,   14
 1113, 1436, 65:02,  -90,  -94,   14
 1114, 2882, 65:02,  -99,  -94,   14
 1115,  959, 65:02,  -93,  -96,   14
 1116,  479, 65:02,  -95,  -94,   14
 1117,  479, 65:02,  -97,  -96,   14
 1118, 2878, 65:02,  -94,  -95,   14
 1119, 1447, 65:02,  -97,  -95,   14
 1120, 1912, 65:02,  -94,  -95,   14
 1121,  963, 65:02,  -96,  -95,   14
 1122, 2889, 65:02,  -99,  -97,   14
 1123,  475, 65:02,  -98,  -98,   14
 1124, 3091, xx:xx, -120, -109,   14
 1125, 2665, 65:02,  -99, -109,   14
 1126,  483, 65:02,  -99,  -99,   14
 1127, 3094, xx:xx, -120, -109,   14
 1128,  741, 65:02, -101, -110,   14
 1129, 3092, xx:xx, -120, -110,   14
 1130,  272, 65:02,  -99, -109,   14
 1131,  486, 65:02,  -99,  -99,   14
 1132, 3105, xx:xx, -120, -109,   14
 1133,  731, 65:02,  -95, -107,   14
 1134, 3106, xx:xx, -120, -107,   14
 1135,  745, 65:02, -100, -110,   14
 1136,  959, 65:02,  -91,  -95,   14
 1137,  470, 65:02,  -92,  -91,   14
 1138,  964, 65:02,  -95,  -93,   14
 1139, 1436, 65:02,  -93,  -94,   14
 1140,  476, 65:02, -100,  -96,   14
 1141,  489, 65:02,  -91,  -95,   14
 1142,  469, 65:02, -100,  -95,   14
 1143,  966, 65:02,  -95,  -97,   14
 1144, 1443, 65:02,  -92,  -93,   14
 1145,  474, 65:02,  -90,  -91,   14
 1146,  477, 65:02,  -97,  -93,   14
 1147,  486, 65:02,  -91,  -94,   14
 1148,  476, 65:02,  -97,  -94,   14
 1149, 1951, 65:02,  -84,  -90,   14
 1150,  932, 65:02,  -99,  -91,   14
 1151, 1435, 65:02,  -97,  -98,   14
 1152, 1921, 65:02,  -89,  -93,   14
 1153,  485, 65:02,  -86,  -87,   14
 1154,  476, 65:02,  -89,  -87,   14
 1155,  486, 65:02,  -85,  -87,   15
 1156,  473, 65:02,  -99,  -92,   15
 1157,  481, 65:02,  -98,  -98,   15
 1158, 1444, 65:02,  -99,  -98,   15
 1159, 1915, 65:02,  -98,  -98,   15
 1160, 3157, xx:xx, -120, -109,   15
 1161,  203, 65:02,  -90, -105,   15
 1162, 2402, 65:02,  -93,  -91,   15
 1163,  970, 65:02,  -96,  -94,   15
 1164, 1434, 65:02,  -91,  -93,   15
 1165, 1918, 65:02,  -97,  -94,   15
 1166,  485, 65:02, -101,  -99,   15
 1167, 2874, 65:02,  -93,  -97,   15
 1168, 3099, xx:xx, -120, -106,   15
 1169, 1708, 65:02,  -98, -109,   15
 1170,  471, 65:02,  -95,  -96,   15
 1171, 3102, xx:xx, -120, -107,   15
 1172,  740, 65:02,  -97, -108,   15
 1173, 3105, xx:xx, -120, -108,   15
 1174, 3116, xx:xx, -120, -120,   15
 1175, 1458, 65:02,  -98, -109,   15
 1176, 3100, xx:xx, -120, -109,   15
 1177, 3106, xx:xx, -120, -120,   15
 1178,  524, 65:02,  -95, -107,   15
 1179, 3105, xx:xx, -120, -107,   15
 1180,  253, 65:02,  -92, -106,   15
 1181,  956, 65:02,  -92,  -92,   15
 1182,  957, 65:02,  -99,  -95,   15
 1183, 1928, 65:02, -100,  -99,   15
 1184, 1436, 65:02,  -96,  -98,   15
 1185, 1922, 65:02,  -89,  -92,   15
 1186,  478, 65:02,  -90,  -89,   15
 1187,  492, 65:02,  -92,  -91,   15
 1188, 1422, 65:02,  -87,  -89,   15
 1189,  489, 65:02,  -88,  -87,   15
 1190,  473, 65:02,  -99,  -93,   15
 1191,  964, 65:02,  -84,  -91,   16
 1192,  482, 65:02,  -81,  -82,   16
 1193,  972, 65:02,  -82,  -81,   16
 1194,  470, 65:02,  -81,  -81,   16
 1195,  473, 65:02,  -81,  -81,   16
 1196,  480, 65:02,  -81,  -81,   16
 1197,  485, 65:02,  -76,  -78,   16
 1198,  479, 65:02,  -80,  -78,   16
 1199,  480, 65:02,  -81,  -80,   16
 1200,  955, 65:02,  -93,  -87,   16
 1201,  489, 65:02,  -91,  -92,   16
 1202,  473, 65:02,  -82,  -86,   16
 1203,  481, 65:02,  -74,  -78,   16
 1204,  474, 65:02,  -75,  -74,   16
 1205,  486, 65:02,  -75,  -75,   16
 1206,  479, 65:02,  -76,  -75,   16
 1207,  482, 65:02,  -84,  -80,   16
 1208,  475, 65:02,  -94,  -89,   16
 1209,  483, 65:02,  -92,  -93,   16
 1210,  484, 65:02,  -99,  -95,   16
 1211,  476, 65:02,  -96,  -97,   16
 1212,  489, 65:02,  -92,  -94,   16
 1213,  475, 65:02,  -92,  -92,   16
 1214,  955, 65:02,  -90,  -91,   16
 1215,  481, 65:02,  -77,  -83,   16
 1216,  482, 65:02,  -69,  -73,   16
 1217,  959, 65:02,  -69,  -69,   16
 1218,  484, 65:02,  -70,  -69,   16
 1219,  477, 65:02,  -71,  -70,   16
 1220,  478, 65:02,  -70,  -70,   16
 1221,  967, 65:02,  -70,  -70,   16
 1222,  485, 65:02,  -71,  -70,   16
 1223,  464, 65:02,  -73,  -72,   16
 1224,  483, 65:02,  -73,  -73,   16
 1225,  486, 65:02,  -73,  -73,   16
 1226,  471, 65:02,  -74,  -73,   16
 1227,  485, 65:02,  -73,  -73,   16
 1228,  475, 65:02,  -73,  -73,   16
 1229,  485, 65:02,  -73,  -73,   17
 1230,  479, 65:02,  -81,  -77,   17
 1231,  956, 65:02,  -78,  -79,   17
 1232,  488, 65:02,  -78,  -78,   17
 1233,  473, 65:02,  -78,  -78,   17
 1234,  480, 65:02,  -79,  -78,   17
 1235,  482, 65:02,  -81,  -80,   17
 1236,  481, 65:02,  -78,  -79,   17
 1237,  478, 65:02,  -78,  -78,   17
 1238,  480, 65:02,  -78,  -78,   17
 1239,  480, 65:02,  -81,  -79,   17
 1240,  481, 65:02,  -86,  -83,   17
 1241,  483, 65:02,  -84,  -85,   17
 1242,  487, 65:02,  -84,  -84,   17
 1243,  475, 65:02,  -82,  -83,   17
 1244,  473, 65:02,  -70,  -76,   17
 1245,  487, 65:02,  -65,  -67,   17
 1246,  953, 65:02,  -72,  -68,   17
 1247,  491, 65:02,  -70,  -71,   17
 1248,  483, 65:02,  -78,  -74,   17
 1249,  481, 65:02,  -90,  -84,   17
 1250,  950, 65:02,  -81,  -85,   17
 1251,  477, 65:02,  -84,  -82,   17
 1252,  477, 65:02,  -73,  -78,   17
 1253,  481, 65:02,  -76,  -74,   17
 1254,  484, 65:02,  -76,  -76,   17
 1255,  473, 65:02,  -74,  -75,   17
 1256,  481, 65:02,  -77,  -75,   17
 1257,  481, 65:02,  -76,  -76,   17
 1258,  479, 65:02,  -73,  -74,   17
 1259,  483, 65:02,  -74,  -73,   17
 1260,  484, 65:02,  -75,  -74,   17
 1261,  480, 65:02,  -78,  -76,   17
 1262,  490, 65:02,  -78,  -78,   17
 1263,  473, 65:02,  -75,  -76,   17
 1264,  491, 65:02,  -73,  -74,   17
 1265,  471, 65:02,  -73,  -73,   17
 1266,  956, 65:02,  -74,  -73,   17
 1267,  470, 65:02,  -73,  -73,   17
 1268,  486, 65:02,  -74,  -73,   17
 1269,  479, 65:02,  -79,  -76,   17
 1270,  479, 65:02,  -75,  -77,   17
 1271,  479, 65:02,  -77,  -76,   17
 1272,  486, 65:02,  -78,  -77,   17
 1273,  478, 65:02,  -79,  -78,   17
 1274,  474, 65:02,  -77,  -78,   17
 1275,  494, 65:02,  -78,  -77,   17
 1276,  471, 65:02,  -78,  -78,   17
 1277,  484, 65:02,  -78,  -78,   17
 1278,  479, 65:02,  -81,  -79,   17
 1279,  473, 65:02,  -80,  -80,   17
 1280,  481, 65:02,  -83,  -81,   17
 1281,  484, 65:02,  -86,  -84,   17
 1282,  480, 65:02,  -81,  -83,   17
 1283,  481, 65:02,  -83,  -82,   17
 1284,  482, 65:02,  -88,  -85,   17
 1285,  475, 65:02,  -86,  -87,   17
 1286,  513, 65:02,  -86,  -86,   17
 1287, 1412, 65:02,  -90,  -88,   17
 1288,  471, 65:02,  -83,  -86,   17
 1289,  487, 65:02,  -86,  -84,   17
 1290,  480, 65:02,  -83,  -84,   17
 1291,  476, 65:02,  -82,  -82,   17
 1292,  478, 65:02,  -81,  -81,   17
 1293,  497, 65:02,  -81,  -81,   17
 1294,  468, 65:02,  -83,  -82,   17
 1295,  483, 65:02,  -80,  -81,   17
 1296,  479, 65:02,  -83,  -81,   17
 1297,  477, 65:02,  -83,  -83,   17
 1298, 1438, 65:02,  -81,  -82,   17
 1299,  484, 65:02,  -81,  -81,   17
 1300,  480, 65:02,  -80,  -80,   17
 1301,  480, 65:02,  -81,  -80,   17
 1302,  483, 65:02,  -80,  -80,   17
 1303,  478, 65:02,  -81,  -80,   17
 1304,  476, 65:02,  -82,  -81,   17
 1305,  514, 65:02,  -81,  -81,   17
 1306,  453, 65:02,  -79,  -80,   17
 1307,  960, 65:02,  -83,  -81,   17
 1308,  477, 65:02,  -84,  -83,   17
 1309,  479, 65:02,  -83,  -83,   17
 1310,  478, 65:02,  -81,  -82,   17
 1311,  480, 65:02,  -81,  -81,   17
 1312,  479, 65:02,  -81,  -81,   17
 1313,  484, 65:02,  -81,  -81,   17
 1314,  481, 65:02,  -81,  -81,   17
 1315,  476, 65:02,  -82,  -81,   17
 1316,  480, 65:02,  -89,  -85,   17
 1317,  483, 65:02,  -72,  -80,   17
 1318, 1481, 65:02,  -67,  -69,   17
 1319,  436, 65:02,  -66,  -66,   17
 1320,  964, 65:02,  -64,  -65,   17
 1321,  474, 65:02,  -63,  -63,   17
 1322,  478, 65:02,  -63,  -63,   17
 1323,  482, 65:02,  -66,  -64,   17
 1324,  965, 65:02,  -70,  -68,   17
 1325,  492, 65:02,  -70,  -70,   17
 1326, 1424, 65:02,  -69,  -69,   17
 1327,  480, 65:02,  -70,  -69,   17
 1328,  482, 65:02,  -72,  -71,   17
 1329,  478, 65:02,  -72,  -72,   17
 1330,  493, 65:02,  -70,  -71,   17
 1331,  469, 65:02,  -72,  -71,   17
 1332,  479, 65:02,  -72,  -72,   17
 1333,  485, 65:02,  -72,  -72,   17
 1334,  474, 65:02,  -74,  -73,   17
 1335,  513, 65:02,  -76,  -75,   17
 1336,  447, 65:02,  -74,  -75,   17
 1337,  481, 65:02,  -72,  -73,   17
 1338,  480, 65:02,  -72,  -72,   17
 1339,  477, 65:02,  -72,  -72,   17
 1340,  490, 65:02,  -72,  -72,   17
 1341,  472, 65:02,  -73,  -72,   17
 1342,  480, 65:02,  -73,  -73,   17
 1343,  479, 65:02,  -75,  -74,   17
 1344,  508, 65:02,  -91,  -83,   17
 1345,  459, 65:02,  -91,  -91,   17
 1346,  481, 65:02,  -82,  -86,   17
 1347,  953, 65:02,  -73,  -77,   17
 1348,  483, 65:02,  -70,  -71,   17
 1349,  483, 65:02,  -70,  -70,   17
 1350,  501, 65:02,  -72,  -71,   17
 1351,  491, 65:02,  -73,  -72,   17
 1352, 1410, 65:02,  -76,  -74,   17
 1353,  478, 65:02,  -75,  -75,   17
 1354,  478, 65:02,  -75,  -75,   17
 1355,  504, 65:02,  -74,  -74,   17
 1356,  453, 65:02,  -77,  -75,   17
 1357,  479, 65:02,  -77,  -77,   17
 1358,  481, 65:02,  -77,  -77,   17
 1359,  485, 65:02,  -82,  -79,   17
 1360,  957, 65:02,  -76,  -79,   17
 1361,  481, 65:02,  -77,  -76,   17
 1362,  480, 65:02,  -78,  -77,   17
 1363,  958, 65:02,  -84,  -81,   17
 1364,  486, 65:02,  -82,  -83,   17
 1365,  983, 65:02,  -84,  -83,   17
 1366,  927, 65:02,  -97,  -90,   17
 1367,  487, 65:02,  -99,  -98,   17
 1368,  958, 65:02,  -86,  -92,   17
 1369,  481, 65:02,  -97,  -91,   17
 1370,  993, 65:02,  -85,  -91,   17
 1371, 1890, 65:02,  -89,  -87,   17
 1372,  474, 65:02,  -92,  -90,   17
 1373, 1919, 65:02,  -85,  -88,   17
 1374, 1443, 65:02,  -93,  -89,   17
 1375,  477, 65:02,  -90,  -91,   17
 1376,  965, 65:02,  -97,  -93,   17
 1377, 1924, 65:02,  -98,  -97,   17
 1378, 2399, 65:02,  -87,  -92,   17
 1379, 1434, 65:02,  -94,  -90,   17
 1380,  486, 65:02,  -97,  -95,   17
 1381,  482, 65:02,  -94,  -95,   17
 1382, 3102, xx:xx, -120, -107,   17
 1383,  253, 65:02,  -97, -108,   17
 1384,  964, 65:02,  -97,  -97,   17
 1385,  476, 65:02,  -99,  -98,   17
 1386,  960, 65:02,  -91,  -95,   17
 1387, 1472, 65:02,  -97,  -94,   17
 1388,  452, 65:02,  -97,  -97,   17
 1389,  473, 65:02, -100,  -98,   17
 1390, 3129, xx:xx, -120, -110,   17
 1391, 1195, 65:02,  -93, -106,   17
 1392, 3099, xx:xx, -120, -106,   17
 1393, 2180, 65:02,  -96, -108,   17
 1394, 3101, xx:xx, -120, -108,   17
 1395,  755, 65:02,  -92, -106,   17
 1396,  463, 65:02, -102,  -97,   17
 1397,  481, 65:02,  -96,  -99,   17
 1398, 3099, xx:xx, -120, -108,   17
 1399,  266, 65:02,  -93, -106,   17
 1400, 3160, xx:xx, -120, -106,   17
 1401,  200, 65:02,  -90, -105,   17
 1402,  478, 65:02,  -98,  -94,   17
 1403,  479, 65:02, -101,  -99,   17
 1404,  963, 65:02,  -95,  -98,   17
 1405, 1915, 65:02,  -94,  -94,   17
 1406,  481, 65:02,  -92,  -93,   17
 1407, 1442, 65:02,  -94,  -93,   17
 1408, 1913, 65:02,  -88,  -91,   17
 1409,  482, 65:02,  -95,  -91,   17
 1410,  993, 65:02,  -91,  -93,   17
 1411,  933, 65:02,  -88,  -89,   17
 1412,  474, 65:02,  -91,  -89,   17
 1413,  997, 65:02,  -97,  -94,   17
 1414,  929, 65:02,  -99,  -98,   17
 1415,  966, 65:02,  -94,  -96,   17
 1416,  466, 65:02,  -94,  -94,   17
 1417,  489, 65:02,  -94,  -94,   17
 1418,  476, 65:02,  -95,  -94,   17
 1419,  480, 65:02,  -89,  -92,   18
 1420,  473, 65:02,  -98,  -93,   18
 1421, 3118, xx:xx, -120, -109,   18
 1422,  732, 65:02,  -95, -107,   18
 1423, 2877, 65:02,  -93,  -94,   18
 1424, 2416, 65:02,  -98,  -95,   18
 1425, 1429, 65:02,  -95,  -96,   18
 1426,  976, 65:02,  -97,  -96,   18
 1427, 1421, 65:02,  -95,  -96,   18
 1428,  484, 65:02,  -98,  -96,   18
 1429,  475, 65:02,  -98,  -98,   18
 1430, 2402, 65:02,  -95,  -96,   18
 1431,  491, 65:02,  -98,  -96,   18
 1432,  948, 65:02,  -93,  -95,   18
 1433,  477, 65:02,  -99,  -96,   18
 1434,  962, 65:02,  -98,  -98,   18
 1435, 3104, xx:xx, -120, -109,   18
 1436, 3134, xx:xx, -120, -120,   18
 1437, 3104, xx:xx, -120, -120,   18
 1438, 2679, 65:02,  -95, -107,   18
 1439, 2373, 65:02,  -98,  -96,   18
 1440, 3092, xx:xx, -120, -109,   18
 1441, 3091, xx:xx, -120, -120,   18
 1442,  546, 65:02,  -99, -109,   18
 1443,  959, 65:02,  -95,  -97,   18
 1444, 2401, 65:02,  -93,  -94,   18
 1445,  478, 65:02, -100,  -96,   18
 1446,  964, 65:02,  -98,  -99,   18
 1447, 2398, 65:02,  -93,  -95,   18
 1448,  961, 65:02,  -95,  -94,   18
 1449,  495, 65:02,  -95,  -95,   18
 1450,  457, 65:02,  -92,  -93,   18
 1451, 1451, 65:02,  -99,  -95,   19
 1452,  487, 65:02,  -88,  -93,   19
 1453,  476, 65:02,  -93,  -90,   19
 1454,  475, 65:02,  -91,  -92,   19
 1455,  495, 65:02,  -92,  -91,   19
 1456, 1442, 65:02,  -97,  -94,   19
 1457,  460, 65:02,  -89,  -93,   19
 1458,  958, 65:02,  -91,  -90,   19
 1459,  490, 65:02,  -92,  -91,   19
 1460, 1919, 65:02,  -91,  -91,   19
 1461,  477, 65:02,  -89,  -90,   19
 1462,  478, 65:02,  -82,  -85,   19
 1463,  963, 65:02,  -90,  -86,   19
 1464, 2397, 65:02,  -95,  -92,   19
 1465,  482, 65:02,  -95,  -95,   19
 1466,  479, 65:02, -100,  -97,   19
 1467,  474, 65:02,  -94,  -97,   19
 1468, 1442, 65:02, -100,  -97,   19
 1469, 2410, 65:02,  -97,  -98,   19
 1470, 1430, 65:02,  -95,  -96,   19
 1471,  958, 65:02,  -92,  -93,   19
 1472, 1441, 65:02,  -88,  -90,   19
 1473, 1938, 65:02, -100,  -94,   19
 1474, 1426, 65:02, -100, -100,   19
 1475,  483, 65:02,  -97,  -98,   19
 1476, 3099, xx:xx, -120, -108,   19
 1477, 1218, 65:02,  -89, -104,   19
 1478, 3101, xx:xx, -120, -104,   19
 1479, 3108, xx:xx, -120, -120,   19
 1480,  524, 65:02,  -95, -107,   19
 1481, 1426, 65:02,  -98,  -96,   19
 1482,  482, 65:02, -101,  -99,   19
 1483,  479, 65:02,  -96,  -98,   19
 1484, 2878, 65:02, -104, -100,   19
 1485,  962, 65:02, -101, -102,   19
 1486, 3098, xx:xx, -120, -110,   19
 1487, 3112, xx:xx, -120, -120,   19
 1488,  504, 65:02,  -93, -106,   19
 1489,  982, 65:02,  -98,  -95,   19
 1490, 1423, 65:02,  -98,  -98,   19
 1491, 1443, 65:02,  -95,  -96,   19
 1492,  959, 65:02, -101,  -98,   19
 1493,  482, 65:02, -102, -101,   19
 1494, 2401, 65:02,  -90,  -96,   19
 1495,  958, 65:02, -100,  -95,   19
 1496,  489, 65:02,  -92,  -96,   19
 1497, 1427, 65:02, -100,  -96,   19
 1498, 2396, 65:02,  -96,  -98,   19
 1499,  967, 65:02,  -98,  -97,   19
 1500,  479, 65:02,  -81,  -89,   19
 1501, 1437, 65:02,  -91,  -86,   19
 1502, 1442, 65:02,  -93,  -92,   19
 1503, 1941, 65:02,  -90,  -91,   19
 1504,  465, 65:02,  -96,  -93,   19
 1505, 1436, 65:02,  -90,  -93,   20
 1506, 1444, 65:02,  -96,  -93,   20
 1507, 3111, xx:xx, -120, -108,   20
 1508, 1681, 65:02, -100, -110,   20
 1509, 3106, xx:xx, -120, -110,   20
 1510,  265, 65:02,  -94, -107,   20
 1511,  951, 65:02,  -92,  -93,   20
 1512,  960, 65:02,  -94,  -93,   20
 1513, 3108, xx:xx, -120, -107,   20
 1514, 3102, xx:xx, -120, -120,   20
 1515,  519, 65:02, -100, -110,   20
 1516, 3111, xx:xx, -120, -110,   20
 1517, 3120, xx:xx, -120, -120,   20
 1518, 3101, xx:xx, -120, -120,   20
 1519, 2657, 65:02,  -94, -107,   20
 1520, 1919, 65:02,  -98,  -96,   20
 1521,  484, 65:02,  -97,  -97,   20
 1522, 3105, xx:xx, -120, -108,   20
 1523,  255, 65:02,  -98, -109,   20
 1524,  960, 65:02, -100,  -99,   20
 1525, 2397, 65:02,  -96,  -98,   20
 1526, 2410, 65:02,  -95,  -95,   20
 1527, 1433, 65:02,  -94,  -94,   20
 1528, 3107, xx:xx, -120, -107,   20
 1529,  738, 65:02, -102, -111,   20
 1530,  476, 65:02,  -90,  -96,   20
 1531, 2405, 65:02, -101,  -95,   20
 1532, 1438, 65:02,  -96,  -98,   20
 1533,  958, 65:02,  -95,  -95,   20
 1534,  483, 65:02,  -93,  -94,   20
 1535,  476, 65:02,  -91,  -92,   20
 1536,  958, 65:02,  -96,  -93,   20
 1537,  488, 65:02,  -94,  -95,   20
 1538,  490, 65:02,  -99,  -96,   20
 1539,  465, 65:02,  -91,  -95,   20
 1540,  477, 65:02,  -84,  -87,   20
 1541,  974, 65:02,  -88,  -86,   20
 1542,  474, 65:02,  -84,  -86,   20
 1543,  476, 65:02,  -86,  -85,   20
 1544,  482, 65:02,  -87,  -86,   20
 1545,  481, 65:02,  -88,  -87,   20
 1546,  471, 65:02,  -89,  -88,   20
 1547,  495, 65:02,  -92,  -90,   20
 1548,  487, 65:02,  -85,  -88,   20
 1549,  946, 65:02,  -81,  -83,   20
 1550,  529, 65:02,  -87,  -84,   20
 1551,  429, 65:02,  -85,  -86,   20
 1552,  477, 65:02,  -90,  -87,   20
 1553,  961, 65:02,  -83,  -86,   20
 1554,  496, 65:02,  -92,  -87,   20
 1555,  472, 65:02,  -86,  -89,   20
 1556,  473, 65:02,  -85,  -85,   20
 1557,  494, 65:02,  -85,  -85,   20
 1558,  469, 65:02,  -87,  -86,   20
 1559,  477, 65:02,  -81,  -84,   20
 1560,  489, 65:02,  -80,  -80,   20
 1561,  466, 65:02,  -85,  -82,   20
 1562,  968, 65:02,  -96,  -90,   20
 1563,  475, 65:02,  -81,  -88,   20
 1564,  483, 65:02,  -79,  -80,   20
 1565,  478, 65:02,  -81,  -80,   20
 1566,  507, 65:02,  -81,  -81,   20
 1567, 1423, 65:02,  -95,  -88,   20
 1568, 1914, 65:02,  -92,  -93,   20
 1569,  965, 65:02,  -84,  -88,   20
 1570,  475, 65:02,  -84,  -84,   20
 1571,  496, 65:02,  -86,  -85,   20
 1572,  457, 65:02,  -89,  -87,   20
 1573,  487, 65:02,  -90,  -89,   20
 1574,  484, 65:02,  -82,  -86,   20
 1575,  951, 65:02,  -86,  -84,   20
 1576,  487, 65:02,  -89,  -87,   20
 1577,  475, 65:02,  -77,  -83,   20
 1578,  957, 65:02,  -74,  -75,   20
 1579,  486, 65:02,  -82,  -78,   20
 1580,  479, 65:02,  -79,  -80,   20
 1581,  484, 65:02,  -78,  -78,   20
 1582,  474, 65:02,  -75,  -76,   20
 1583,  961, 65:02,  -83,  -79,   20
 1584,  960, 65:02,  -78,  -80,   20
 1585,  484, 65:02,  -80,  -79,   20
 1586,  479, 65:02,  -81,  -80,   20
 1587,  476, 65:02,  -90,  -85,   20
 1588,  486, 65:02,  -91,  -90,   20
 1589,  474, 65:02,  -87,  -89,   20
 1590,  476, 65:02,  -86,  -86,   20
 1591,  490, 65:02,  -80,  -83,   20
 1592,  476, 65:02,  -77,  -78,   20
 1593,  477, 65:02,  -87,  -82,   20
 1594,  481, 65:02,  -84,  -85,   20
 1595,  486, 65:02,  -89,  -86,   20
 1596,  484, 65:02,  -87,  -88,   20
 
